City,Lat,Lng,Max Temp,Humidity,Cloudiness,Wind Speed,Country,Date
little current,45.9793,-81.9248,78.89,76,100,9.57,CA,1630172161
trairi,-3.2778,-39.2689,87.03,47,65,17.52,BR,1630172161
rikitea,-23.1203,-134.9692,73.49,72,1,20.69,PF,1630172162
egvekinot,66.3167,-179.1667,36.3,92,100,4.12,RU,1630172162
sabang,5.8933,95.3214,82.72,71,94,15.95,ID,1630172162
rustenburg,-25.6676,27.2421,49.64,14,0,18.28,ZA,1630172163
sungaipenuh,-2.0833,101.3833,64.99,97,97,2.06,ID,1630172163
clyde river,70.4692,-68.5914,41.23,81,75,0.0,CA,1630172163
wenling,28.3669,121.36,78.98,88,8,4.25,CN,1630172164
albany,42.6001,-73.9662,72.84,55,37,8.84,US,1630171976
mataura,-46.1927,168.8643,46.47,95,77,1.21,NZ,1630172164
belaya gora,68.5333,146.4167,41.59,91,100,2.3,RU,1630172164
castro,-24.7911,-50.0119,57.99,92,100,8.77,BR,1630172036
mahon,39.8885,4.2658,77.56,57,0,12.66,ES,1630172165
mount gambier,-37.8333,140.7667,46.31,93,75,9.22,AU,1630172165
hermanus,-34.4187,19.2345,49.89,54,36,0.6,ZA,1630171993
kapaa,22.0752,-159.319,79.12,87,40,12.66,US,1630172165
fortuna,40.5982,-124.1573,61.99,81,20,0.0,US,1630172166
kodiak,57.79,-152.4072,53.11,43,1,26.46,US,1630172166
tynda,55.1667,124.7167,38.5,74,88,6.11,RU,1630172166
qaanaaq,77.484,-69.3632,36.09,99,100,3.33,GL,1630172166
minot,48.2325,-101.2963,75.11,50,1,3.0,US,1630172159
hobart,-42.8794,147.3294,44.11,94,95,1.01,AU,1630172167
jumla,29.2747,82.1838,61.77,96,97,2.62,NP,1630172167
hailun,47.45,126.9333,48.04,92,12,5.64,CN,1630172167
bethel,41.3712,-73.414,74.48,75,90,1.01,US,1630172167
arraial do cabo,-22.9661,-42.0278,78.76,78,40,5.75,BR,1630171983
punta arenas,-53.15,-70.9167,46.51,71,75,26.46,CL,1630172124
aksu,41.1231,80.2644,72.21,43,58,5.77,CN,1630172168
hithadhoo,-0.6,73.0833,82.45,74,55,12.44,MV,1630172168
willowmore,-33.2926,23.4895,38.37,70,45,4.45,ZA,1630172168
humaita,-7.5061,-63.0208,87.28,47,92,0.51,BR,1630172169
georgetown,5.4112,100.3354,81.9,85,20,1.14,MY,1630172028
touros,-5.1989,-35.4608,86.9,62,48,19.57,BR,1630172169
yumen,40.2833,97.2,66.87,29,23,13.2,CN,1630172169
banda aceh,5.5577,95.3222,79.36,79,90,10.4,ID,1630172170
saint-augustin,51.226,-58.6502,68.43,29,0,16.33,CA,1630172170
zhangjiakou,40.81,114.8794,56.37,85,5,0.89,CN,1630172170
port alfred,-33.5906,26.891,51.84,73,61,14.92,ZA,1630172170
ostrovnoy,68.0531,39.5131,45.12,76,100,21.0,RU,1630172171
vaini,-21.2,-175.2,68.16,68,75,6.91,TO,1630172171
ancud,-41.8697,-73.8203,53.42,90,100,11.74,CL,1630172171
atar,20.5169,-13.0499,103.69,20,49,10.29,MR,1630172172
kruisfontein,-34.0033,24.7314,45.88,79,51,7.52,ZA,1630172172
chokurdakh,70.6333,147.9167,33.13,96,100,5.95,RU,1630172172
ribeira brava,32.65,-17.0667,78.71,70,11,5.3,PT,1630172172
moron,-34.6534,-58.6198,70.02,38,100,7.0,AR,1630172113
new norfolk,-42.7826,147.0587,43.75,83,98,2.53,AU,1630171980
carnarvon,-24.8667,113.6333,62.67,73,9,14.97,AU,1630172173
belyy yar,53.6039,91.3903,58.89,77,0,4.47,RU,1630172173
torres,-29.3353,-49.7269,68.83,70,43,13.91,BR,1630172058
coquimbo,-29.9533,-71.3436,60.53,72,0,13.8,CL,1630172173
hormigueros,18.1397,-67.1274,92.64,71,7,10.0,PR,1630172174
aklavik,68.2191,-135.0107,50.72,81,75,6.91,CA,1630172085
sept-iles,50.2001,-66.3821,75.72,50,20,5.01,CA,1630172174
iberia,29.9502,-91.7507,86.0,79,75,9.22,US,1630172174
cape town,-33.9258,18.4232,50.41,72,40,3.44,ZA,1630172175
butaritari,3.0707,172.7902,82.11,74,54,9.8,KI,1630172175
mega,4.05,38.3,66.29,44,12,10.58,ET,1630172175
longyearbyen,78.2186,15.6401,42.64,81,0,4.61,SJ,1630172019
palmer,42.1584,-72.3287,75.31,60,90,10.36,US,1630172176
kloulklubed,7.0419,134.2556,77.5,68,87,7.81,PW,1630172176
san patricio,28.017,-97.5169,91.38,48,33,8.37,US,1630172176
bluff,-46.6,168.3333,46.8,78,79,8.66,NZ,1630172176
cururupu,-1.8283,-44.8683,86.68,54,79,9.55,BR,1630172177
puerto ayora,-0.7393,-90.3518,75.16,80,65,7.0,EC,1630172177
bodden town,19.2833,-81.25,88.99,75,40,7.0,KY,1630172177
ushuaia,-54.8,-68.3,47.82,61,75,4.61,AR,1630172138
alamosa,37.4695,-105.87,81.66,40,1,4.61,US,1630172178
inta,66.0317,60.1659,49.17,69,100,18.61,RU,1630172178
muli,2.9167,73.5667,82.94,74,100,16.13,MV,1630172178
mount pleasant,32.7941,-79.8626,92.08,72,1,1.99,US,1630172116
dikson,73.5069,80.5464,41.18,74,100,15.12,RU,1630171998
tuktoyaktuk,69.4541,-133.0374,48.2,93,75,8.05,CA,1630172178
takoradi,4.8845,-1.7554,77.11,86,98,11.54,GH,1630172179
hilo,19.7297,-155.09,78.62,80,1,8.05,US,1630172179
mahebourg,-20.4081,57.7,71.26,100,75,24.16,MU,1630172179
bredasdorp,-34.5322,20.0403,43.29,70,48,2.64,ZA,1630171991
kaitangata,-46.2817,169.8464,39.69,95,31,5.23,NZ,1630172064
nha trang,12.25,109.1833,78.8,91,83,4.72,VN,1630172180
winnemucca,40.973,-117.7357,74.1,23,1,14.97,US,1630171993
tuatapere,-46.1333,167.6833,46.81,91,78,1.19,NZ,1630172105
atuona,-9.8,-139.0333,77.95,79,26,20.98,PF,1630172180
port hedland,-20.3167,118.5667,62.65,82,65,4.61,AU,1630172180
yellowknife,62.456,-114.3525,59.52,100,75,8.05,CA,1630172101
bambous virieux,-20.3428,57.7575,71.22,100,75,24.16,MU,1630172181
boromo,11.75,-2.9333,83.52,70,92,0.85,BF,1630172181
isangel,-19.55,169.2667,70.52,76,7,5.99,VU,1630172181
severo-yeniseyskiy,60.3725,93.0408,47.08,89,92,3.49,RU,1630172181
hasaki,35.7333,140.8333,79.2,87,0,9.22,JP,1630172182
darab,28.7519,54.5444,86.04,15,0,21.43,IR,1630172182
esperance,-33.8667,121.9,51.64,81,100,12.28,AU,1630172034
along,28.1667,94.7667,71.64,99,100,1.41,IN,1630172182
biak,-0.9131,122.8766,74.55,88,67,6.55,ID,1630172183
busselton,-33.65,115.3333,54.09,84,100,11.16,AU,1630172005
jamsa,61.8642,25.19,61.52,84,90,5.19,FI,1630172183
saskylakh,71.9167,114.0833,35.1,98,100,12.21,RU,1630171993
kahului,20.8947,-156.47,74.46,73,20,8.05,US,1630172052
verkhnevilyuysk,63.4453,120.3167,49.69,80,80,8.39,RU,1630172183
xining,36.6167,101.7667,53.08,79,83,2.06,CN,1630172184
rognan,67.0953,15.3878,59.05,82,21,3.0,NO,1630172184
upernavik,72.7868,-56.1549,38.41,73,96,3.38,GL,1630172184
faanui,-16.4833,-151.75,78.78,75,29,7.43,PF,1630172185
killybegs,54.6333,-8.45,62.31,84,69,8.97,IE,1630172185
torbay,47.6666,-52.7314,61.48,79,96,8.01,CA,1630172185
caravelas,-17.7125,-39.2481,78.33,61,23,8.63,BR,1630172185
thompson,55.7435,-97.8558,68.16,52,75,5.75,CA,1630171931
rio gallegos,-51.6226,-69.2181,48.25,61,0,16.11,AR,1630172186
hami,42.8,93.45,79.59,25,21,6.31,CN,1630172186
souillac,-20.5167,57.5167,71.37,100,75,24.16,MU,1630172186
torrejon de ardoz,40.4553,-3.4697,91.72,18,0,10.36,ES,1630172187
bengkulu,-3.8004,102.2655,75.88,90,90,6.55,ID,1630172187
hobyo,5.3505,48.5268,77.32,83,16,29.57,SO,1630172187
saldanha,-33.0117,17.9442,50.41,58,54,5.86,ZA,1630172187
brenham,30.1669,-96.3977,91.98,67,40,0.0,US,1630172188
provideniya,64.3833,-173.3,47.43,98,100,6.15,RU,1630172188
san-pedro,4.7485,-6.6363,77.36,82,93,8.41,CI,1630172188
doha,25.2867,51.5333,98.49,44,0,4.61,QA,1630172189
koungou,-12.7336,45.2042,74.91,69,0,6.91,YT,1630172189
cherskiy,68.75,161.3,33.42,78,90,9.08,RU,1630172189
ponta do sol,32.6667,-17.1,78.71,69,11,5.73,PT,1630172025
college,64.8569,-147.8028,39.52,92,75,4.61,US,1630172035
saint-philippe,-21.3585,55.7679,69.39,86,97,11.14,RE,1630172190
chapais,49.7834,-74.8492,62.38,35,100,9.51,CA,1630171970
dingle,10.9995,122.6711,76.23,91,99,2.59,PH,1630172190
bandarbeyla,9.4942,50.8122,76.01,83,35,35.39,SO,1630172190
bintulu,3.1667,113.0333,75.61,94,40,3.44,MY,1630172191
la asuncion,11.0333,-63.8628,84.02,73,42,15.32,VE,1630172191
avarua,-21.2078,-159.775,68.05,64,8,5.75,CK,1630171987
victoria,22.2855,114.1577,84.33,72,71,8.79,HK,1630171938
asau,46.4333,26.4,66.76,92,96,2.95,RO,1630172191
port blair,11.6667,92.75,79.65,86,100,15.32,IN,1630172192
norman wells,65.282,-126.8329,55.44,88,75,10.36,CA,1630172019
tabas,33.5959,56.9244,87.42,17,0,8.77,IR,1630172192
isfana,39.8386,69.5306,68.56,28,72,5.93,KG,1630172192
jamestown,42.097,-79.2353,87.3,68,75,5.01,US,1630172192
nola,40.922,14.5329,80.51,55,15,4.99,IT,1630172193
komsomolskiy,40.4272,71.7189,90.32,13,7,9.22,UZ,1630172193
sinnamary,5.3833,-52.95,85.71,70,72,14.34,GF,1630172059
yebaishou,41.3975,119.6408,61.12,69,45,3.74,CN,1630172193
kalmunai,7.4167,81.8167,82.0,67,99,4.09,LK,1630172194
meulaboh,4.1363,96.1285,77.32,86,100,2.37,ID,1630172194
la sarre,48.8002,-79.1996,54.48,95,100,11.23,CA,1630171993
qui nhon,13.7667,109.2333,78.06,88,73,5.88,VN,1630172194
kargil,34.5667,76.1,53.69,53,90,7.29,IN,1630172195
maningrida,-12.0667,134.2667,68.23,47,79,8.03,AU,1630172195
kutum,14.2,24.6667,86.34,25,44,7.07,SD,1630172195
saint anthony,45.0205,-93.218,87.84,64,40,8.01,US,1630172014
polovinnoye,54.7914,65.9864,53.04,68,98,13.65,RU,1630172195
tasiilaq,65.6145,-37.6368,46.56,99,100,2.1,GL,1630172196
lebu,-37.6167,-73.65,51.85,93,100,15.12,CL,1630172196
opuwo,-18.0607,13.84,73.04,18,0,6.53,NA,1630172196
starokostyantyniv,49.7576,27.2034,58.06,69,59,1.88,UA,1630172196
naryan-mar,67.6713,53.087,45.57,87,100,15.28,RU,1630172197
praia,14.9215,-23.5087,82.94,69,75,10.36,CV,1630172197
hamilton,39.1834,-84.5333,92.05,62,20,1.01,US,1630171897
nelson bay,-32.7167,152.15,48.69,88,9,8.37,AU,1630172197
chimbote,-9.0853,-78.5783,69.06,70,62,10.31,PE,1630172198
mbandaka,0.0487,18.2603,77.54,74,99,5.86,CD,1630172056
natal,-5.795,-35.2094,86.65,58,20,20.71,BR,1630172198
saint george,37.1041,-113.5841,99.07,16,1,0.0,US,1630172198
iqaluit,63.7506,-68.5145,40.73,93,90,6.91,CA,1630172199
beloha,-25.1667,45.05,73.47,46,0,12.37,MG,1630172199
karasburg,-28.0167,18.75,45.5,33,7,7.76,NA,1630172199
vardo,70.3705,31.1107,46.65,75,88,17.49,NO,1630172200
lakes entrance,-37.8811,147.981,41.58,86,82,4.32,AU,1630172200
jinji,23.2281,110.8261,76.55,83,22,1.81,CN,1630172200
gizo,-8.103,156.8419,81.05,75,41,2.86,SB,1630172200
fukue,32.6881,128.8419,78.84,82,1,8.03,JP,1630172201
kiunga,-6.1219,141.2906,73.09,100,100,1.77,PG,1630172201
itoman,26.1247,127.6694,83.17,85,40,5.75,JP,1630172201
nuevo casas grandes,30.4167,-107.9167,83.75,38,10,3.0,MX,1630171951
brits,-25.6347,27.7802,51.12,14,0,18.1,ZA,1630172202
gorontalo,0.5412,123.0595,74.28,96,92,2.19,ID,1630172202
nabire,-3.3667,135.4833,74.68,93,100,3.83,ID,1630172202
idah,7.1065,6.7342,76.15,95,100,2.75,NG,1630172202
leningradskiy,69.3833,178.4167,30.85,80,25,3.15,RU,1630172203
ribeira grande,38.5167,-28.7,75.6,73,40,17.27,PT,1630172203
lavrentiya,65.5833,-171.0,43.41,97,100,9.01,RU,1630172077
sukhumi,43.0033,41.0153,76.59,76,0,2.66,GE,1630172203
isoka,-10.1606,32.6335,71.6,30,22,1.7,ZM,1630172204
sobolevo,54.4299,31.8996,58.64,91,31,5.19,RU,1630172178
katsuura,35.1333,140.3,82.51,91,0,8.52,JP,1630172204
vondrozo,-22.8167,47.2833,59.18,98,40,0.89,MG,1630172204
puranpur,28.5167,80.15,76.48,92,66,4.9,IN,1630172204
gamba,-2.65,10.0,74.97,85,79,6.89,GA,1630172187
east london,-33.0153,27.9116,52.74,58,0,19.57,ZA,1630172205
takikawa,43.5528,141.9064,62.49,93,1,6.76,JP,1630172205
sakakah,29.9697,40.2064,105.37,9,17,4.14,SA,1630172123
port jervis,41.3751,-74.6927,74.77,70,77,8.46,US,1630172205
reconquista,-29.15,-59.65,79.32,24,9,5.55,AR,1630172206
mar del plata,-38.0023,-57.5575,60.82,63,0,12.66,AR,1630172206
guayape,14.7167,-86.8333,81.59,50,62,5.79,HN,1630172206
berlevag,70.8578,29.0864,45.64,78,100,17.78,NO,1630172207
krasnoselkup,65.7,82.4667,41.67,69,62,9.84,RU,1630172207
padang,-0.9492,100.3543,77.05,87,71,3.58,ID,1630172207
mazamet,43.49,2.373,79.11,41,0,13.8,FR,1630172207
tyrma,50.0833,132.1667,50.65,94,99,6.78,RU,1630172208
haines junction,60.7522,-137.5108,46.35,93,100,1.14,CA,1630172208
kysyl-syr,63.8986,122.7617,47.26,83,91,7.45,RU,1630172208
tautira,-17.7333,-149.15,77.02,79,14,12.33,PF,1630172209
qasigiannguit,68.8193,-51.1922,41.25,69,49,8.14,GL,1630172209
klaksvik,62.2266,-6.589,54.52,87,12,5.14,FO,1630172029
lazaro cardenas,17.9583,-102.2,75.4,95,100,7.96,MX,1630172096
luanda,-8.8368,13.2343,71.6,78,75,8.05,AO,1630172209
benjamin aceval,-24.9667,-57.5667,80.74,44,74,5.48,PY,1630172210
iglas,27.7167,77.9333,81.09,81,99,4.99,IN,1630172210
santa isabel do rio negro,-0.4139,-65.0192,98.64,35,47,2.21,BR,1630172210
benghazi,32.1167,20.0667,83.19,66,3,11.86,LY,1630172211
iowa city,41.6611,-91.5302,92.7,62,1,8.05,US,1630171927
vao,-22.6667,167.4833,70.2,79,18,6.13,NC,1630172211
adet,11.2644,37.4888,57.13,84,38,6.33,ET,1630172211
udachnyy,66.4167,112.4,42.1,74,93,9.98,RU,1630172004
te anau,-45.4167,167.7167,42.55,98,98,1.59,NZ,1630172212
sarai mir,26.0167,82.9167,84.18,88,100,5.46,IN,1630172212
baculin,7.4525,126.5842,78.26,83,95,4.43,PH,1630172212
chicama,-7.8447,-79.1469,61.34,58,89,10.13,PE,1630172212
luderitz,-26.6481,15.1594,61.03,33,0,20.18,NA,1630172213
olivenza,38.6832,-7.103,87.21,33,29,12.21,ES,1630172213
mount isa,-20.7333,139.5,46.17,31,0,1.14,AU,1630172213
nikolskoye,59.7035,30.7861,66.09,79,47,5.46,RU,1630172035
nodeland,58.1552,7.8358,65.7,66,0,4.61,NO,1630172214
brae,60.3964,-1.353,55.31,78,99,3.36,GB,1630172214
ndele,8.4109,20.6473,74.37,90,64,0.98,CF,1630172214
codrington,-38.2667,141.9667,45.3,96,100,9.6,AU,1630172121
ust-maya,60.4167,134.5333,43.81,63,100,4.21,RU,1630172214
la paz,-16.5,-68.15,60.78,21,40,13.8,BO,1630172130
ilulissat,69.2167,-51.1,41.02,75,40,6.91,GL,1630172215
portland,45.5234,-122.6762,72.95,65,1,1.99,US,1630172061
skjervoy,70.0311,20.9714,48.61,82,100,3.89,NO,1630172215
qaqortoq,60.7167,-46.0333,50.5,54,100,3.6,GL,1630172097
margate,51.3813,1.3862,64.9,76,33,7.0,GB,1630172215
raton,36.9034,-104.4391,85.06,42,1,0.0,US,1630172216
husavik,66.0449,-17.3389,60.71,59,59,7.0,IS,1630172216
chuy,-33.6971,-53.4616,62.22,60,89,11.1,UY,1630172216
namibe,-15.1961,12.1522,63.48,85,6,2.08,AO,1630172217
santa ana,33.7456,-117.8678,105.76,75,40,5.75,US,1630171993
conceicao do araguaia,-8.2578,-49.2647,86.13,62,0,6.91,BR,1630172217
mwene-ditu,-7.0,23.45,78.73,46,98,3.33,CD,1630172217
pisco,-13.7,-76.2167,67.01,77,0,9.22,PE,1630172217
port augusta,-32.5,137.7667,48.7,89,63,6.85,AU,1630172218
havelock,34.8791,-76.9013,93.06,72,20,4.0,US,1630172218
sumenep,-7.0167,113.8667,79.77,77,62,10.13,ID,1630172218
strelka,58.0728,93.0344,56.43,75,7,2.42,RU,1630172218
laguna,38.421,-121.4238,94.6,30,90,1.01,US,1630172000
cap-aux-meules,47.3821,-61.8597,66.25,52,20,20.71,CA,1630172219
nanortalik,60.1432,-45.2371,44.51,71,100,5.82,GL,1630172219
auki,-8.7676,160.7034,76.6,90,99,5.3,SB,1630172219
zvishavane,-20.3267,30.0665,76.96,21,17,7.67,ZW,1630172220
tocopilla,-22.092,-70.1979,67.42,61,12,9.64,CL,1630172220
asmara,15.3333,38.9333,67.3,63,76,2.1,ER,1630172220
ust-kuyga,70.0167,135.6,33.58,92,100,4.36,RU,1630172220
sitka,57.0531,-135.33,55.29,82,90,12.66,US,1630172221
gaogou,34.0175,119.1886,70.16,97,57,4.32,CN,1630172221
pangnirtung,66.1451,-65.7125,44.6,76,40,14.97,CA,1630172221
mitu,1.1983,-70.1733,90.05,49,86,2.64,CO,1630172222
kavieng,-2.5744,150.7967,82.2,78,98,14.12,PG,1630172222
pevek,69.7008,170.3133,31.91,80,9,7.96,RU,1630172026
cabo san lucas,22.8909,-109.9124,96.62,55,1,6.91,MX,1630172034
grand gaube,-20.0064,57.6608,71.38,91,100,8.99,MU,1630172125
tieling,42.2931,123.8414,60.8,86,81,5.03,CN,1630172222
christchurch,-43.5333,172.6333,47.91,94,75,1.99,NZ,1630172223
kijang,35.2442,129.2139,76.73,89,0,4.34,KR,1630172223
guerrero negro,27.9769,-114.0611,84.25,50,3,5.84,MX,1630172223
makakilo city,21.3469,-158.0858,76.69,71,1,4.61,US,1630172223
leh,34.1667,77.5833,56.68,57,22,7.36,IN,1630172087
raudeberg,61.9875,5.1352,64.18,87,0,5.19,NO,1630172224
semey,50.4111,80.2275,68.31,28,3,4.83,KZ,1630172189
hambantota,6.1241,81.1185,80.02,79,95,18.16,LK,1630172224
griffith,41.5284,-87.4237,92.89,70,1,1.99,US,1630172224
hervey bay,-25.2986,152.8535,62.04,81,33,4.45,AU,1630171944
gorele,41.0308,39.0031,78.24,82,0,2.71,TR,1630172225
bay city,43.5945,-83.8889,88.29,72,1,10.36,US,1630172225
merritt,50.1123,-120.7942,70.07,40,54,3.27,CA,1630172091
epe,6.5841,3.9834,77.5,87,93,7.61,NG,1630172225
constitucion,-35.3333,-72.4167,61.97,51,100,6.15,CL,1630172019
avera,33.194,-82.5271,91.27,52,75,6.64,US,1630172226
kilindoni,-7.9139,39.6668,76.14,76,2,14.83,TZ,1630172226
paracuru,-3.41,-39.0306,86.02,49,53,17.52,BR,1630172226
albanel,48.8832,-72.4487,66.18,42,100,9.22,CA,1630172227
kirkwall,58.9848,-2.9587,59.34,86,90,6.91,GB,1630172227
anadyr,64.75,177.4833,52.3,93,75,11.18,RU,1630172227
hvide sande,56.0045,8.1294,63.0,74,81,19.33,DK,1630172228
miles city,46.4083,-105.8406,63.52,67,40,13.8,US,1630172228
taltal,-25.4,-70.4833,64.44,65,14,6.44,CL,1630172202
seoul,37.5683,126.9778,72.97,94,90,4.61,KR,1630172022
cayenne,4.9333,-52.3333,86.09,78,75,5.01,GF,1630172228
hofn,64.2539,-15.2082,55.62,70,51,11.03,IS,1630172228
balangir,20.7167,83.4833,78.75,88,100,1.36,IN,1630172117
abay,49.6311,72.8539,59.38,36,24,10.94,KZ,1630172229
yaan,7.3833,8.5667,74.86,91,100,5.75,NG,1630172229
vila franca do campo,37.7167,-25.4333,75.61,75,56,14.34,PT,1630172109
muriwai beach,-36.8167,174.45,55.76,97,35,8.05,NZ,1630172205
ponta delgada,37.7333,-25.6667,75.92,83,40,16.11,PT,1630172229
camden,39.7835,-74.9663,78.58,87,58,9.13,US,1630172230
ngorongoro,-3.2397,35.4875,58.64,36,7,2.73,TZ,1630172230
carutapera,-1.195,-46.02,85.75,64,94,13.11,BR,1630172131
marsh harbour,26.5412,-77.0636,83.88,74,100,10.94,BS,1630172129
paragominas,-2.9667,-47.4833,88.23,47,43,5.3,BR,1630172008
nyirmihalydi,47.7398,21.9645,65.86,49,99,5.37,HU,1630172230
faya,18.3851,42.4509,80.71,20,56,11.16,SA,1630172231
nanzhang,31.7765,111.8386,68.5,97,100,3.76,CN,1630172231
port-gentil,-0.7193,8.7815,78.76,78,75,11.5,GA,1630172128
paveh,35.0434,46.3565,80.19,16,5,6.69,IR,1630172231
breves,-1.6822,-50.4803,89.02,53,45,4.83,BR,1630172231
jawhar,2.7809,45.5005,75.58,76,25,18.99,SO,1630172232
ketrzyn,54.0768,21.3753,56.61,93,100,5.86,PL,1630172180
huancavelica,-12.7667,-74.9833,49.6,47,94,6.02,PE,1630172232
antalaha,-14.9003,50.2788,65.93,90,39,6.53,MG,1630172232
sao joao da barra,-21.6403,-41.0511,82.49,70,36,12.17,BR,1630172233
grindavik,63.8424,-22.4338,52.27,82,90,20.71,IS,1630172039
edd,13.9297,41.6925,91.42,64,22,3.71,ER,1630172233
phalodi,27.1333,72.3667,91.51,38,98,13.29,IN,1630172233
lagoa,39.05,-27.9833,71.04,86,21,17.45,PT,1630172233
maralal,1.0968,36.698,68.88,44,84,3.4,KE,1630172234
anaconda,46.1285,-112.9423,58.96,34,6,0.92,US,1630171991
barrow,71.2906,-156.7887,37.42,87,90,17.27,US,1630171994
macau,22.2006,113.5461,84.07,70,20,9.22,MO,1630172234
japura,-0.3167,102.35,73.99,93,47,2.1,ID,1630172234
maua,-23.6678,-46.4614,61.09,93,100,4.81,BR,1630172235
mayo,38.8876,-76.5119,91.26,74,75,3.0,US,1630172159
ialibu,-6.2821,143.9935,53.67,97,92,3.31,PG,1630172235
sorland,67.667,12.6934,54.21,84,30,5.59,NO,1630172235
nexo,55.0607,15.1306,59.09,94,100,10.38,DK,1630172236
vila velha,-20.3297,-40.2925,78.75,61,0,11.5,BR,1630172236
helena,46.5927,-112.0361,67.32,54,90,4.0,US,1630172236
port hardy,50.6996,-127.4199,55.58,100,90,5.75,CA,1630171993
buchanan,5.8808,-10.0467,82.36,79,94,7.85,LR,1630172007
dwarka,22.2394,68.9678,80.64,75,16,12.24,IN,1630172129
fare,-16.7,-151.0167,79.36,72,14,9.19,PF,1630172237
teya,60.3778,92.6267,49.57,85,88,4.5,RU,1630172237
maldonado,-34.6667,-54.9167,65.23,61,97,9.53,UY,1630172237
havre-saint-pierre,50.2334,-63.5986,68.36,52,1,17.27,CA,1630172238
khawhai,23.3667,93.1167,61.54,99,100,1.86,IN,1630172238
evensk,61.95,159.2333,50.27,96,100,1.9,RU,1630172238
sibolga,1.7427,98.7792,76.14,86,87,3.6,ID,1630172238
la ronge,55.1001,-105.2842,57.45,88,90,6.91,CA,1630172239
barcelos,41.5388,-8.6151,74.28,75,100,6.51,PT,1630172239
port elizabeth,-33.918,25.5701,48.49,81,90,11.5,ZA,1630172239
port lincoln,-34.7333,135.8667,49.46,81,30,8.52,AU,1630172240
lenger,42.183,69.8839,74.64,21,18,6.29,KZ,1630172240
leua,48.2156,18.6071,65.5,62,100,4.81,SK,1630172240
pontianak,-0.0333,109.3333,75.18,94,20,0.0,ID,1630172240
peniche,39.3558,-9.3811,77.72,74,89,10.4,PT,1630172241
kununurra,-15.7667,128.7333,60.78,72,57,0.0,AU,1630172241
noumea,-22.2763,166.4572,64.38,82,0,2.68,NC,1630172241
beringovskiy,63.05,179.3167,49.21,92,100,6.31,RU,1630172241
salalah,17.0151,54.0924,78.89,94,90,5.75,OM,1630172021
champerico,14.3,-91.9167,91.76,71,52,5.06,GT,1630172242
mehamn,71.0357,27.8492,45.41,79,91,15.39,NO,1630172236
miri,4.4148,114.0089,75.34,94,40,4.61,MY,1630172242
hay river,60.8156,-115.7999,67.98,52,75,8.05,CA,1630171993
hjallerup,57.1647,10.1457,62.38,74,90,10.36,DK,1630172242
aranos,-24.1333,19.1167,41.86,19,0,11.36,NA,1630172243
bilibino,68.0546,166.4372,36.39,75,99,4.34,RU,1630172243
cozumel,20.5083,-86.9458,89.58,72,20,1.99,MX,1630172243
anqing,30.5092,117.0506,76.55,93,44,1.88,CN,1630172244
dandong,40.1292,124.3947,66.43,72,99,1.99,CN,1630172244
portree,57.4129,-6.1942,59.86,89,99,6.2,GB,1630172244
oakley,37.9974,-121.7124,94.44,28,0,1.01,US,1630172244
ketchikan,55.3422,-131.6461,57.33,96,99,10.13,US,1630171990
coos bay,43.3665,-124.2179,71.31,72,1,13.8,US,1630172088
northam,51.0333,-4.2167,68.02,70,1,7.78,GB,1630172245
itarema,-2.9248,-39.9167,87.17,50,66,20.76,BR,1630172118
geraldton,-28.7667,114.6,45.01,93,34,3.44,AU,1630172245
qostanay,53.1667,63.5833,54.39,81,97,14.14,KZ,1630172245
hohhot,40.8106,111.6522,55.69,82,0,4.47,CN,1630172246
kavaratti,10.5669,72.642,79.12,82,100,16.75,IN,1630172246
wajir,1.7471,40.0573,85.57,28,5,11.74,KE,1630172246
sao desiderio,-12.3633,-44.9733,97.21,18,62,5.91,BR,1630172246
chino valley,34.7575,-112.4538,89.92,34,1,3.0,US,1630172247
mikhaylovka,50.06,43.2379,71.98,35,3,8.52,RU,1630172247
khatanga,71.9667,102.5,34.07,98,100,15.26,RU,1630172247
edgewater,28.9889,-80.9023,92.21,70,75,16.11,US,1630172247
parrsboro,45.4001,-64.332,71.42,43,35,11.92,CA,1630172248
basco,20.4487,121.9702,84.81,75,8,15.05,PH,1630172248
kohlu,29.8962,69.252,83.52,36,7,10.02,PK,1630172248
arandis,-22.4167,14.9667,51.46,28,0,3.51,NA,1630172248
majene,-3.5403,118.9707,77.0,91,100,6.76,ID,1630172249
kurilsk,45.2333,147.8833,61.23,87,1,10.49,RU,1630172249
sao filipe,14.8961,-24.4956,77.0,81,78,3.76,CV,1630172073
kalabo,-14.97,22.6814,78.42,16,0,7.56,ZM,1630172249
san joaquin,37.9333,-121.3011,93.78,44,1,0.0,US,1630172250
dole,47.0833,5.5,67.62,56,0,10.36,FR,1630172250
santa marta de tormes,40.9506,-5.6272,82.42,36,0,6.91,ES,1630172250
balatonfuzfo,47.0667,18.05,62.15,57,100,4.56,HU,1630172250
pandan,14.0453,124.1694,79.63,85,100,6.29,PH,1630172251
hayden,47.766,-116.7866,68.97,61,1,6.91,US,1630172251
bethanien,-26.502,17.1583,47.79,22,0,10.67,NA,1630172251
airai,-8.9266,125.4092,58.01,55,69,2.44,TL,1630172251
viedma,-40.8135,-62.9967,64.08,30,56,13.94,AR,1630172252
atambua,-9.1061,124.8925,70.0,71,61,5.82,ID,1630172252
vagur,61.4732,-6.8119,54.57,89,10,10.51,FO,1630172252
puerto leguizamo,-0.1934,-74.7819,90.43,50,84,3.38,CO,1630172253
valentin gomez farias,28.2167,-106.5833,78.58,44,1,11.95,MX,1630172253
san carlos de bariloche,-41.1456,-71.3082,49.75,62,40,17.27,AR,1630172253
inyonga,-6.7167,32.0667,76.78,25,1,2.48,TZ,1630172253
shache,38.4167,77.2406,76.87,27,100,7.52,CN,1630172254
pelym,61.0108,61.9978,46.74,73,61,2.37,RU,1630172254
tiznit,29.5833,-9.5,80.01,40,0,7.54,MA,1630172083
saint marys,30.7305,-81.5465,90.23,72,75,1.99,US,1630172116
wairoa,-39.0333,177.3667,53.6,99,100,2.1,NZ,1630172254
kungurtug,50.5994,97.5228,48.81,86,48,3.0,RU,1630172255
huarmey,-10.0681,-78.1522,69.37,69,31,10.63,PE,1630172255
freeport,40.6576,-73.5832,76.98,69,90,8.99,US,1630172006
valladolid,41.5833,-4.6667,86.85,27,37,6.24,ES,1630172255
kudahuvadhoo,2.6708,72.8944,83.26,72,97,17.2,MV,1630172255
broome,42.2506,-75.833,78.19,69,90,1.01,US,1630172256
lorengau,-2.0226,147.2712,81.61,78,100,10.09,PG,1630172118
oistins,13.0667,-59.5333,87.89,70,75,23.02,BB,1630172256
grand bank,47.0999,-55.765,64.4,74,100,20.85,CA,1630172256
merrill,45.1805,-89.6835,80.37,76,75,9.22,US,1630172257
daru,-9.0763,143.2092,77.79,93,99,11.07,PG,1630172257
fort nelson,58.8053,-122.7002,53.19,87,75,3.44,CA,1630172257
broken hill,-31.95,141.4333,46.11,46,32,8.05,AU,1630172257
acapulco,16.8634,-99.8901,75.02,94,90,5.75,MX,1630172258
dalvik,65.9702,-18.5286,60.73,57,91,5.88,IS,1630172258
nouadhibou,20.931,-17.0347,82.38,61,14,10.36,MR,1630172258
lompoc,34.6391,-120.4579,91.11,100,90,0.0,US,1630172259
xiaoweizhai,26.1903,107.5125,66.85,98,99,3.09,CN,1630172259
otradnoye,59.7775,30.8181,66.25,77,53,5.46,RU,1630172259
severomorsk,69.0689,33.4162,46.8,81,98,9.1,RU,1630172259
tamandare,-8.7597,-35.1047,79.45,71,41,9.89,BR,1630172119
miramar,25.9873,-80.2323,92.01,69,75,18.41,US,1630172009
gifhorn,52.4833,10.55,61.9,94,75,3.44,DE,1630172260
shumikha,55.2261,63.2961,50.52,64,82,7.74,RU,1630172260
singaparna,-7.3515,108.111,68.27,97,72,0.58,ID,1630172260
ovalle,-30.5983,-71.2003,80.51,18,32,4.88,CL,1630172261
chumikan,54.7183,135.315,50.88,88,100,5.26,RU,1630172261
kamenka,51.3223,42.7678,66.9,43,4,9.19,RU,1630172261
marystown,47.1666,-55.1483,56.97,75,92,19.8,CA,1630172261
sur,22.5667,59.5289,82.31,72,7,14.52,OM,1630172262
gornorechenskiy,44.2624,135.1133,57.25,91,33,3.67,RU,1630172262
cap malheureux,-19.9842,57.6142,71.47,91,100,8.99,MU,1630172262
bongandanga,1.5,21.05,75.52,75,42,1.63,CD,1630172262
saint-joseph,-21.3667,55.6167,68.38,85,97,10.07,RE,1630172263
formosa,-26.1775,-58.1781,76.98,50,0,6.91,AR,1630172263
svetlogorsk,52.6333,29.7333,56.34,84,28,6.31,BY,1630172263
bilma,18.6853,12.9164,102.99,14,53,5.3,NE,1630172263
sardarshahr,28.4333,74.4833,94.8,38,97,7.74,IN,1630172264
tiksi,71.6872,128.8694,35.37,98,100,19.04,RU,1630172264
victor harbor,-35.5667,138.6167,51.89,89,73,8.72,AU,1630172264
mnogovershinnyy,53.9353,139.9242,53.26,99,100,4.63,RU,1630172264
maneadero,31.7167,-116.5667,85.69,50,4,7.63,MX,1630172265
malanje,-9.5402,16.341,78.82,50,31,7.56,AO,1630172265
oranjemund,-28.55,16.4333,53.44,69,4,20.42,NA,1630172048
narsaq,60.9167,-46.05,50.22,47,100,4.16,GL,1630172265
kangaatsiaq,68.3065,-53.4641,39.94,78,99,15.46,GL,1630172266
tupik,54.4253,119.9327,40.41,83,4,0.96,RU,1630172266
maniitsoq,65.4167,-52.9,41.56,97,100,9.62,GL,1630172266
wattegama,6.7989,81.4808,78.78,71,100,8.43,LK,1630172266
talnakh,69.4865,88.3972,38.5,91,100,6.4,RU,1630172267
nemuro,43.3236,145.575,62.78,89,1,6.93,JP,1630172267
la vega,19.2221,-70.5296,92.28,35,1,16.06,DO,1630172267
ouango,4.3133,22.5552,71.19,99,73,2.42,CF,1630172268
llandrindod wells,52.2416,-3.3787,67.64,74,37,4.38,GB,1630172268
kabare,-2.4683,28.8242,68.18,65,46,3.62,CD,1630172268
qingquan,30.4511,115.2559,75.56,92,70,4.0,CN,1630172268
niksar,40.5917,36.9517,73.6,76,0,3.83,TR,1630172269
pacific grove,36.6177,-121.9166,95.81,71,1,1.99,US,1630171979
estrela,-28.0611,-50.9383,57.63,79,88,8.05,BR,1630172269
ust-kan,50.9276,84.761,49.35,69,29,2.48,RU,1630172269
westport,41.1415,-73.3579,76.08,76,75,1.01,US,1630172270
hanzhong,33.0728,107.0303,63.66,98,67,1.68,CN,1630172270
arkhara,49.4212,130.0842,43.27,96,5,4.92,RU,1630172270
walvis bay,-22.9575,14.5053,58.08,46,0,28.32,NA,1630172094
enid,36.3956,-97.8784,93.02,52,1,10.0,US,1630172271
grosuplje,45.9556,14.6589,59.38,87,68,3.74,SI,1630172271
ouidah,6.3631,2.0851,82.26,87,66,11.14,BJ,1630172271
tremedal,-14.9758,-41.4108,81.66,40,89,7.49,BR,1630172271
neiafu,-18.65,-173.9833,72.28,64,20,17.92,TO,1630172272
daugai,54.3667,24.3333,60.03,98,100,8.57,LT,1630172272
bonavista,48.6499,-53.1147,55.4,84,100,26.93,CA,1630172272
tura,25.5198,90.2201,72.79,95,100,2.62,IN,1630172273
santa lucia,27.9117,-15.5407,72.77,54,20,23.02,ES,1630172273
kharp,66.8014,65.8081,49.03,70,100,11.05,RU,1630172273
mae sai,20.4335,99.8762,74.52,98,97,1.77,TH,1630172273
assiniboia,49.6334,-105.9845,64.31,77,87,13.8,CA,1630172274
isla vista,34.4133,-119.861,106.07,40,0,4.29,US,1630172192
honningsvag,70.9821,25.9704,46.67,74,98,15.23,NO,1630172274
buraydah,26.326,43.975,100.85,11,2,10.71,SA,1630172274
duluth,46.7833,-92.1066,72.05,97,90,1.99,US,1630172275
kholmogory,64.2229,41.656,48.31,82,97,4.23,RU,1630172275
amapa,1.0,-52.0,85.1,64,47,2.06,BR,1630172275
revelstoke,50.9832,-118.2023,59.02,67,1,2.3,CA,1630172275
bulaevo,54.9056,70.4439,52.14,90,96,9.71,KZ,1630172276
eenhana,-17.4667,16.3333,72.88,20,0,6.98,NA,1630172276
kidal,18.4411,1.4078,92.41,28,36,13.13,ML,1630172276
yushan,31.3776,120.9543,84.09,93,100,3.11,CN,1630172276
vilhena,-12.7406,-60.1458,89.82,40,20,6.91,BR,1630172277
hualmay,-11.0964,-77.6139,68.67,67,29,10.42,PE,1630172277
aykhal,66.0,111.5,40.68,77,99,11.5,RU,1630172277
suntar,62.1444,117.6319,47.52,90,39,5.57,RU,1630172278
katangli,51.7102,143.2326,53.71,99,100,8.25,RU,1630172012
bardiyah,31.7561,25.0865,82.67,59,0,4.32,LY,1630172278
piacabucu,-10.4056,-36.4344,79.02,67,21,10.11,BR,1630172278
milagres,-7.3133,-38.9456,93.34,25,100,7.9,BR,1630172278
comonfort,20.7167,-100.7667,74.21,54,100,7.96,MX,1630172279
aragats,40.4889,44.3528,76.57,65,20,6.67,AM,1630172279
sao jose da coroa grande,-8.8978,-35.1478,79.07,72,35,10.25,BR,1630172279
salym,60.0625,71.4789,45.73,70,95,3.74,RU,1630172015
sombrio,-29.1139,-49.6167,68.94,64,29,12.62,BR,1630172280
panan,15.2134,120.0272,78.84,75,100,3.69,PH,1630172280
sioux lookout,50.1001,-91.917,64.78,94,90,6.91,CA,1630172280
ust-nera,64.5667,143.2,44.38,87,54,4.88,RU,1630172280
maceio,-9.6658,-35.7353,81.84,65,40,10.36,BR,1630172159
bubaque,11.2833,-15.8333,80.83,78,99,11.45,GW,1630172281
windsor,42.3001,-83.0165,92.03,67,1,1.99,CA,1630172281
coahuayana,18.7333,-103.6833,80.08,99,100,10.8,MX,1630172281
praia da vitoria,38.7333,-27.0667,80.85,83,20,11.68,PT,1630172282
snasa,64.2457,12.3778,58.3,71,0,2.17,NO,1630172282
waddan,29.1614,16.139,98.17,13,52,7.54,LY,1630172282
palm coast,29.585,-81.2078,89.82,62,100,4.0,US,1630172133
genhe,50.7833,121.5167,39.83,87,9,3.98,CN,1630172283
bichura,50.5881,107.6022,53.51,71,0,4.63,RU,1630172283
ha tinh,18.3333,105.9,76.15,92,97,2.53,VN,1630172283
floro,61.5996,5.0328,58.96,77,0,12.66,NO,1630172283
kendari,-3.945,122.4989,72.63,97,100,2.89,ID,1630172284
yulara,-25.2406,130.9889,48.04,29,0,5.75,AU,1630171999
severo-kurilsk,50.6789,156.125,54.91,95,100,3.85,RU,1630172284
mareeba,-17.0,145.4333,68.72,96,44,2.8,AU,1630172284
zhuanghe,39.7008,122.9911,69.67,72,99,6.13,CN,1630172285
baymak,52.5933,58.3225,50.13,79,73,12.37,RU,1630172285
nan,18.8333,100.6667,71.06,97,55,0.69,TH,1630172285
alofi,-19.0595,-169.9187,58.89,94,99,1.14,NU,1630172285
batticaloa,7.7102,81.6924,82.94,64,100,12.1,LK,1630172286
bukachacha,52.9833,116.9167,46.56,83,22,3.33,RU,1630172286
muravlenko,63.7898,74.523,46.83,73,99,12.64,RU,1630172286
srednekolymsk,67.45,153.6833,38.97,61,100,9.22,RU,1630172287
marsaxlokk,35.8419,14.5431,84.07,65,0,10.36,MT,1630172287
mitsamiouli,-11.3847,43.2844,76.15,67,17,4.0,KM,1630172287
dunedin,-45.8742,170.5036,45.81,88,34,5.12,NZ,1630172287
dongli,23.5656,116.8194,78.78,94,90,0.0,CN,1630172288
constantine,36.365,6.6147,90.81,22,40,11.5,DZ,1630172288
saquisili,-0.8333,-78.6667,58.51,73,75,1.01,EC,1630172288
rock sound,24.9,-76.2,83.7,75,100,11.97,BS,1630172289
cidreira,-30.1811,-50.2056,62.92,75,1,17.72,BR,1630172289
charters towers,-20.1,146.2667,62.83,93,22,6.58,AU,1630172289
korla,41.7597,86.1469,77.54,22,20,9.53,CN,1630172289
domoni,-12.2569,44.5319,73.13,73,6,7.36,KM,1630172290
villafranca de los barros,38.5614,-6.3381,86.81,44,17,11.7,ES,1630172290
xuddur,4.1213,43.8894,80.17,38,16,13.76,SO,1630172290
porto,41.1496,-8.611,71.04,73,20,1.01,PT,1630172226
guatire,10.4762,-66.5427,85.21,75,57,5.28,VE,1630172290
novyy urgal,51.0736,132.5642,54.25,96,100,4.7,RU,1630172291
deer lake,49.1667,-57.4316,62.46,55,75,13.8,CA,1630172238
digoin,46.4812,3.9795,68.09,49,0,11.5,FR,1630172291
kanashevo,55.2169,62.0634,52.36,53,16,10.38,RU,1630172291
izumo,35.3667,132.7667,75.15,93,60,6.33,JP,1630172292
andra,62.5147,65.8878,48.36,66,83,4.45,RU,1630172292
inongo,-1.95,18.2667,75.0,71,70,3.2,CD,1630172292
tazovskiy,67.4667,78.7,42.51,96,100,13.44,RU,1630172292
baillif,16.0202,-61.7463,89.1,62,88,12.01,GP,1630172293
san cristobal,7.7669,-72.225,77.18,41,82,7.76,VE,1630172293
valparaiso,-33.0393,-71.6273,68.23,55,0,5.75,CL,1630172293
terrasini,38.146,13.0844,85.71,58,0,6.91,IT,1630172294
dedougou,12.4667,-3.4667,84.88,65,83,3.0,BF,1630172294
san andres,12.5847,-81.7006,86.02,74,40,10.36,CO,1630172294
crateus,-5.1783,-40.6775,95.36,20,83,10.67,BR,1630172294
